use cs4400_team70;

insert into user values ("james.smith", SHA2("jsmith123", 224), "Approved", "James", "Smith");
insert into user values ("michael.smith", SHA2("msmith456", 224), "Approved", "Michael", "Smith");
insert into user values ("robert.smith", SHA2("rsmith789", 224), "Approved", "Robert", "Smith");
insert into user values ("maria.garcia", SHA2("mgarcia123", 224), "Approved", "Maria", "Garcia");
insert into user values ("david.smith", SHA2("dsmith456", 224), "Approved", "David", "Smith");
insert into user values ("manager1", SHA2("manager1", 224), "Pending", "Manager", "One");
insert into user values ("manager2", SHA2("manager2", 224), "Approved", "Manager", "Two");
insert into user values ("manager3", SHA2("manager3", 224), "Approved", "Manager", "Three");
insert into user values ("manager4", SHA2("manager4", 224), "Approved", "Manager", "Four");
insert into user values ("manager5", SHA2("manager5", 224), "Approved", "Manager", "Five");
insert into user values ("maria.rodriguez", SHA2("mrodriguez", 224), "Declined", "Maria", "Rodriguez");
insert into user values ("mary.smith", SHA2("msmith789", 224), "Approved", "Mary", "Smith");
insert into user values ("maria.hernandez", SHA2("mhernandez", 224), "Approved", "Maria", "Hernandez");
insert into user values ("staff1", SHA2("staff1234", 224), "Approved", "Staff", "One");
insert into user values ("staff2", SHA2("staff4567", 224), "Approved", "Staff", "Two");
insert into user values ("staff3", SHA2("staff7890", 224), "Approved", "Staff", "Three");
insert into user values ("user1", SHA2("user123456", 224), "Pending", "User", "One");
insert into user values ("visitor1", SHA2("visitor123", 224), "Approved", "Visitor", "One");

insert into user_email values ("james.smith", "jsmith@gmail.com");
insert into user_email values ("james.smith", "jsmith@hotmail.com");
insert into user_email values ("james.smith", "jsmith@gatech.edu");
insert into user_email values ("james.smith", "jsmith@outlook.com");
insert into user_email values ("michael.smith", "msmith@gmail.com");
insert into user_email values ("robert.smith", "rsmith@hotmail.com");
insert into user_email values ("maria.garcia", "mgarcia@yahoo.com");
insert into user_email values ("maria.garcia", "mgarcia@gatech.edu");
insert into user_email values ("david.smith", "dsmith@outlook.com");
insert into user_email values ("maria.rodriguez", "mrodriguez@gmail.com");
insert into user_email values ("mary.smith", "mary@outlook.com");
insert into user_email values ("maria.hernandez", "mh@gatech.edu");
insert into user_email values ("maria.hernandez", "mh123@gmail.com");
insert into user_email values ("manager1", "m1@beltline.com");
insert into user_email values ("manager2", "m2@beltline.com");
insert into user_email values ("manager3", "m3@beltline.com");
insert into user_email values ("manager4", "m4@beltline.com");
insert into user_email values ("manager5", "m5@beltline.com");
insert into user_email values ("staff1", "s1@beltline.com");
insert into user_email values ("staff2", "s2@beltline.com");
insert into user_email values ("staff3", "s3@beltline.com");
insert into user_email values ("user1", "u1@beltline.com");
insert into user_email values ("visitor1", "v1@beltline.com");

insert into employee values ("james.smith", "000000001", "4043721234", "123 East Main Street", "Rochester", "NY", "14604");
insert into employee values ("michael.smith", "000000002", "4043726789", "350 Ferst Drive", "Atlanta", "GA", "30332");
insert into employee values ("robert.smith", "000000003", "1234567890", "123 East Main Street", "Columbus", "OH", "43215");
insert into employee values ("maria.garcia", "000000004", "7890123456", "123 East Main Street", "Richland", "PA", "17987");
insert into employee values ("david.smith", "000000005", "5124776435", "350 Ferst Drive", "Atlanta", "GA", "30332");
insert into employee values ("manager1", "000000006", "8045126767", "123 East Main Street", "Rochester", "NY", "14604");
insert into employee values ("manager2", "000000007", "9876543210", "123 East Main Street", "Rochester", "NY", "14604");
insert into employee values ("manager3", "000000008", "5432167890", "350 Ferst Drive", "Atlanta", "GA", "30332");
insert into employee values ("manager4", "000000009", "8053467565", "123 East Main Street", "Columbus", "OH", "43215");
insert into employee values ("manager5", "000000010", "8031446782", "801 Atlantic Drive", "Atlanta", "GA", "30332");
insert into employee values ("staff1", "000000011", "8024456765", "266 Ferst Drive Northwest", "Atlanta", "GA", "30332");
insert into employee values ("staff2", "000000012", "8888888888", "266 Ferst Drive Northwest", "Atlanta", "GA", "30332");
insert into employee values ("staff3", "000000013", "3333333333", "801 Atlantic Drive", "Atlanta", "GA", "30332");

insert into visitor values("michael.smith");
insert into visitor values("maria.garcia");
insert into visitor values("manager2");
insert into visitor values("manager4");
insert into visitor values("manager5");
insert into visitor values("maria.rodriguez");
insert into visitor values("mary.smith");
insert into visitor values("staff2");
insert into visitor values("staff3");
insert into visitor values("visitor1");

insert into administrator values ("james.smith");

insert into staff values ("michael.smith");
insert into staff values ("robert.smith");
insert into staff values ("staff1");
insert into staff values ("staff2");
insert into staff values ("staff3");

insert into manager values ("maria.garcia");
insert into manager values ("david.smith");
insert into manager values ("manager1");
insert into manager values ("manager2");
insert into manager values ("manager3");
insert into manager values ("manager4");
insert into manager values ("manager5");

insert into site values ("Piedmont Park", "400 Park Drive Northeast", "30306", 1, "manager2");
insert into site values ("Atlanta Beltline Center", "112 Krog Street Northeast", "30307", 0, "manager3");
insert into site values ("Historic Fourth Ward Park", "680 Dallas Street Northeast", "30308", 1, "manager4");
insert into site values ("Westview Cemetery", "1680 Westview Drive Southwest", "30310", 0, "manager5");
insert into site values ("Inman Park", NULL, "30307", 1, "david.smith");

insert into event values ("Eastside Trail", "2019-02-04", "Piedmont Park", "2019-02-05", 0, 99999, 1, "A combination of multi-use trail and linear greenspace, the Eastside Trail was the first finished section of the Atlanta BeltLine trail in the old rail corridor. The Eastside Trail, which was funded by a combination of public and private philanthropic sources, runs from the tip of Piedmont Park to Reynoldstown. More details at https://beltline.org/explore-atlanta-beltline-trails/eastside-trail/");
insert into event values ("Eastside Trail", "2019-02-04", "Inman Park", "2019-02-05", 0, 99999, 1, "A combination of multi-use trail and linear greenspace, the Eastside Trail was the first finished section of the Atlanta BeltLine trail in the old rail corridor. The Eastside Trail, which was funded by a combination of public and private philanthropic sources, runs from the tip of Piedmont Park to Reynoldstown. More details at https://beltline.org/explore-atlanta-beltline-trails/eastside-trail/");
insert into event values ("Eastside Trail", "2019-03-01", "Inman Park", "2019-03-02", 0, 99999, 1, "A combination of multi-use trail and linear greenspace, the Eastside Trail was the first finished section of the Atlanta BeltLine trail in the old rail corridor. The Eastside Trail, which was funded by a combination of public and private philanthropic sources, runs from the tip of Piedmont Park to Reynoldstown. More details at https://beltline.org/explore-atlanta-beltline-trails/eastside-trail/");
insert into event values ("Eastside Trail", "2019-02-13", "Historic Fourth Ward Park", "2019-02-14", 0, 99999, 1, "A combination of multi-use trail and linear greenspace, the Eastside Trail was the first finished section of the Atlanta BeltLine trail in the old rail corridor. The Eastside Trail, which was funded by a combination of public and private philanthropic sources, runs from the tip of Piedmont Park to Reynoldstown. More details at https://beltline.org/explore-atlanta-beltline-trails/eastside-trail/");
insert into event values ("Westside Trail",	"2019-02-18",	"Westview Cemetery", "2019-02-21", 0, 99999, 1, "The Westside Trail is a free amenity that offers a bicycle and pedestrian-safe corridor with a 14-foot-wide multi-use trail surrounded by mature trees and grasses thanks to Trees Atlanta’s Arboretum. With 16 points of entry, 14 of which will be ADA-accessible with ramp and stair systems, the trail provides numerous access points for people of all abilities. More details at: https://beltline.org/explore-atlanta-beltline-trails/westside-trail/");
insert into event values ("Bus Tour", "2019-02-01", "Inman Park", "2019-02-02", 25, 6, 2, "The Atlanta BeltLine Partnership’s tour program operates with a natural gas-powered, ADA accessible tour bus funded through contributions from 10th & Monroe, LLC, SunTrust Bank Trusteed Foundations – Florence C. and Harry L. English Memorial Fund and Thomas Guy Woolford Charitable Trust, and AGL Resources");
insert into event values ("Bus Tour", "2019-02-08", "Inman Park", "2019-02-10", 25, 6, 2, "The Atlanta BeltLine Partnership’s tour program operates with a natural gas-powered, ADA accessible tour bus funded through contributions from 10th & Monroe, LLC, SunTrust Bank Trusteed Foundations – Florence C. and Harry L. English Memorial Fund and Thomas Guy Woolford Charitable Trust, and AGL Resources");
insert into event values ("Private Bus Tour", "2019-02-01", "Inman Park", "2019-02-02", 40, 4, 1, "Private tours are available most days, pending bus and tour guide availability. Private tours can accommodate up to 4 guests per tour, and are subject to a tour fee (nonprofit rates are available). As a nonprofit organization with limited resources, we are unable to offer free private tours. We thank you for your support and your understanding as we try to provide as many private group tours as possible. The Atlanta BeltLine Partnership’s tour program operates with a natural gas-powered, ADA accessible tour bus funded through contributions from 10th & Monroe, LLC, SunTrust Bank Trusteed Foundations – Florence C. and Harry L. English Memorial Fund and Thomas Guy Woolford Charitable Trust, and AGL Resources");
insert into event values ("Arboretum Walking Tour", "2019-02-08", "Inman Park", "2019-02-11", 5, 5, 1, "Official Atlanta BeltLine Arboretum Walking Tours provide an up-close view of the Westside Trail and the Atlanta BeltLine Arboretum led by Trees Atlanta Docents. The one and a half hour tours step off at at 10am (Oct thru May), and 9am (June thru September). Departure for all tours is from Rose Circle Park near Brown Middle School. More details at: https://beltline.org/visit/atlanta-beltline-tours/#arboretum-walking");
insert into event values ("Official Atlanta BeltLine Bike Tour", "2019-02-09", "Atlanta BeltLine Center", "2019-02-14", 5, 5, 1, "These tours will include rest stops highlighting assets and points of interest along the Atlanta BeltLine. Staff will lead the rides, and each group will have a ride sweep to help with any unexpected mechanical difficulties.");

insert into transit values ("MARTA", "Blue", 2.00);
insert into transit values ("Bus", "152", 2.00);
insert into transit values ("Bike", "Relay", 1.00);

insert into connect values ("Inman Park", "MARTA", "Blue");
insert into connect values ("Piedmont Park", "MARTA", "Blue");
insert into connect values ("Historic Fourth Ward Park", "MARTA", "Blue");
insert into connect values ("Westview Cemetery", "MARTA", "Blue");
insert into connect values ("Inman Park", "Bus", "152");
insert into connect values ("Piedmont Park", "Bus", "152");
insert into connect values ("Historic Fourth Ward Park", "Bus", "152");
insert into connect values ("Piedmont Park", "Bike", "Relay");
insert into connect values ("Historic Fourth Ward Park", "Bike", "Relay");

insert into take_transit values ("manager2", "MARTA", "Blue", "2019-03-20");
insert into take_transit values ("manager2", "Bus", "152", "2019-03-20");
insert into take_transit values ("manager3", "Bike", "Relay", "2019-03-20");
insert into take_transit values ("manager2", "MARTA", "Blue", "2019-03-21");
insert into take_transit values ("maria.hernandez", "Bus", "152", "2019-03-20");
insert into take_transit values ("maria.hernandez", "Bike", "Relay", "2019-03-20");
insert into take_transit values ("manager2", "MARTA", "Blue", "2019-03-22");
insert into take_transit values ("maria.hernandez", "Bus", "152", "2019-03-22");
insert into take_transit values ("mary.smith", "Bike", "Relay", "2019-03-23");
insert into take_transit values ("visitor1", "MARTA", "Blue", "2019-03-21");

insert into assign_to values ("michael.smith", "Eastside Trail", "2019-02-04", "Piedmont Park");
insert into assign_to values ("staff1", "Eastside Trail", "2019-02-04", "Piedmont Park");
insert into assign_to values ("robert.smith", "Eastside Trail", "2019-02-04", "Inman Park");
insert into assign_to values ("staff2", "Eastside Trail", "2019-02-04", "Inman Park");
insert into assign_to values ("staff1", "Eastside Trail", "2019-03-01", "Inman Park");
insert into assign_to values ("michael.smith", "Eastside Trail", "2019-02-13", "Historic Fourth Ward Park");
insert into assign_to values ("staff1", "Westside Trail", "2019-02-18", "Westview Cemetery");
insert into assign_to values ("staff3", "Westside Trail", "2019-02-18", "Westview Cemetery");
insert into assign_to values ("michael.smith", "Bus Tour", "2019-02-01", "Inman Park");
insert into assign_to values ("staff2", "Bus Tour", "2019-02-01", "Inman Park");
insert into assign_to values ("robert.smith", "Bus Tour", "2019-02-08", "Inman Park");
insert into assign_to values ("michael.smith", "Bus Tour", "2019-02-08", "Inman Park");
insert into assign_to values ("robert.smith", "Private Bus Tour", "2019-02-01", "Inman Park");
insert into assign_to values ("staff3", "Arboretum Walking Tour", "2019-02-08", "Inman Park");
insert into assign_to values ("staff1", "Official Atlanta BeltLine Bike Tour", "2019-02-09", "Atlanta BeltLine Center");

insert into visit_event values ("mary.smith", "Bus Tour", "2019-02-01", "Inman Park", "2019-02-01");
insert into visit_event values ("maria.garcia", "Bus Tour", "2019-02-01", "Inman Park", "2019-02-02");
insert into visit_event values ("manager2", "Bus Tour", "2019-02-01", "Inman Park", "2019-02-02");
insert into visit_event values ("manager4", "Bus Tour", "2019-02-01", "Inman Park", "2019-02-01");
insert into visit_event values ("manager5", "Bus Tour", "2019-02-01", "Inman Park", "2019-02-02");
insert into visit_event values ("staff2", "Bus Tour", "2019-02-01", "Inman Park", "2019-02-02");
insert into visit_event values ("mary.smith", "Westside Trail", "2019-02-18", "Westview Cemetery", "2019-02-19");
insert into visit_event values ("mary.smith", "Private Bus Tour", "2019-02-01", "Inman Park", "2019-02-01");
insert into visit_event values ("mary.smith", "Private Bus Tour", "2019-02-01", "Inman Park", "2019-02-02");
insert into visit_event values ("mary.smith", "Official Atlanta BeltLine Bike Tour", "2019-02-09", "Atlanta BeltLine Center", "2019-02-10");
insert into visit_event values ("mary.smith", "Arboretum Walking Tour", "2019-02-08", "Inman Park", "2019-02-10");
insert into visit_event values ("mary.smith", "Eastside Trail", "2019-02-04", "Piedmont Park", "2019-02-04");
insert into visit_event values ("mary.smith", "Eastside Trail", "2019-02-13", "Historic Fourth Ward Park", "2019-02-13");
insert into visit_event values ("mary.smith", "Eastside Trail", "2019-02-13", "Historic Fourth Ward Park", "2019-02-14");
insert into visit_event values ("visitor1", "Eastside Trail", "2019-02-13", "Historic Fourth Ward Park", "2019-02-14");
insert into visit_event values ("visitor1","Official Atlanta BeltLine Bike Tour", "2019-02-09", "Atlanta BeltLine Center", "2019-02-10");
insert into visit_event values ("visitor1", "Westside Trail", "2019-02-18", "Westview Cemetery", "2019-02-19");

insert into visit_site values ("mary.smith", "Inman Park", "2019-02-01");
insert into visit_site values ("mary.smith", "Inman Park", "2019-02-02");
insert into visit_site values ("mary.smith", "Inman Park", "2019-02-03");
insert into visit_site values ("mary.smith", "Atlanta Beltline Center", "2019-02-01");
insert into visit_site values ("mary.smith", "Atlanta Beltline Center", "2019-02-10");
insert into visit_site values ("mary.smith", "Historic Fourth Ward Park", "2019-02-02");
insert into visit_site values ("mary.smith", "Piedmont Park", "2019-02-02");
insert into visit_site values ("visitor1", "Piedmont Park", "2019-02-11");
insert into visit_site values ("visitor1", "Atlanta Beltline Center", "2019-02-13");
insert into visit_site values ("visitor1", "Historic Fourth Ward Park", "2019-02-11");
insert into visit_site values ("visitor1", "Westview Cemetery", "2019-02-06");
insert into visit_site values ("visitor1", "Inman Park", "2019-02-01");
insert into visit_site values ("visitor1", "Piedmont Park", "2019-02-01");
insert into visit_site values ("visitor1", "Atlanta Beltline Center", "2019-02-09");
